,Region Code (Administrative),Region Name (administrative),LTLA Code,LTLA Name,Under 70,70-74,75-79,80+
,E12000004,East Midlands,E07000032,Amber Valley," 17,515 "," 7,839 "," 5,731 "," 6,800 "
,E12000004,East Midlands,E07000170,Ashfield," 20,775 "," 6,075 "," 5,011 "," 5,819 "
,E12000004,East Midlands,E07000171,Bassetlaw," 17,682 "," 6,900 "," 5,187 "," 6,410 "
,E12000004,East Midlands,E07000129,Blaby," 15,318 "," 5,507 "," 4,135 "," 5,575 "
,E12000004,East Midlands,E07000033,Bolsover," 12,103 "," 4,174 "," 3,350 "," 3,793 "
,E12000004,East Midlands,E07000136,Boston," 9,813 "," 3,592 "," 2,741 "," 3,802 "
,E12000004,East Midlands,E07000172,Broxtowe," 17,004 "," 6,488 "," 4,711 "," 6,291 "
,E12000004,East Midlands,E07000130,Charnwood," 23,454 "," 8,917 "," 6,662 "," 8,797 "
,E12000004,East Midlands,E07000034,Chesterfield," 17,709 "," 5,709 "," 4,274 "," 5,605 "
,E12000004,East Midlands,E07000150,Corby," 7,281 "," 2,653 "," 1,948 "," 2,359 "
,E12000004,East Midlands,E07000151,Daventry," 10,902 "," 4,952 "," 3,532 "," 4,219 "
,E12000004,East Midlands,E06000015,Derby," 38,545 "," 10,355 "," 7,685 "," 11,560 "
,E12000004,East Midlands,E07000035,Derbyshire Dales," 9,794 "," 5,335 "," 4,074 "," 5,159 "
,E12000004,East Midlands,E07000137,East Lindsey," 18,769 "," 11,383 "," 8,810 "," 10,370 "
,E12000004,East Midlands,E07000152,East Northamptonshire," 11,769 "," 5,427 "," 3,846 "," 4,708 "
,E12000004,East Midlands,E07000036,Erewash," 15,390 "," 6,119 "," 4,669 "," 6,063 "
,E12000004,East Midlands,E07000173,Gedling," 19,260 "," 6,586 "," 4,724 "," 6,636 "
,E12000004,East Midlands,E07000131,Harborough," 14,280 "," 5,567 "," 4,228 "," 5,454 "
,E12000004,East Midlands,E07000037,High Peak," 12,464 "," 5,370 "," 3,919 "," 4,659 "
,E12000004,East Midlands,E07000132,Hinckley and Bosworth," 16,502 "," 6,909 "," 5,074 "," 6,254 "
,E12000004,East Midlands,E07000153,Kettering," 13,707 "," 5,057 "," 3,808 "," 4,611 "
,E12000004,East Midlands,E06000016,Leicester," 44,298 "," 10,149 "," 6,686 "," 10,023 "
,E12000004,East Midlands,E07000138,Lincoln," 13,122 "," 3,752 "," 2,702 "," 3,960 "
,E12000004,East Midlands,E07000174,Mansfield," 19,312 "," 5,055 "," 4,065 "," 4,896 "
,E12000004,East Midlands,E07000133,Melton," 6,977 "," 3,304 "," 2,388 "," 3,012 "
,E12000004,East Midlands,E07000175,Newark and Sherwood," 19,758 "," 7,197 "," 5,431 "," 6,764 "
,E12000004,East Midlands,E07000038,North East Derbyshire," 15,953 "," 6,583 "," 5,316 "," 6,412 "
,E12000004,East Midlands,E07000139,North Kesteven," 18,306 "," 7,320 "," 5,666 "," 7,294 "
,E12000004,East Midlands,E07000134,North West Leicestershire," 13,640 "," 5,779 "," 4,194 "," 4,829 "
,E12000004,East Midlands,E07000154,Northampton," 27,566 "," 9,127 "," 6,389 "," 8,614 "
,E12000004,East Midlands,E06000018,Nottingham," 35,624 "," 8,776 "," 6,294 "," 9,451 "
,E12000004,East Midlands,E07000135,Oadby and Wigston," 9,048 "," 2,914 "," 2,300 "," 3,794 "
,E12000004,East Midlands,E07000176,Rushcliffe," 17,844 "," 6,596 "," 4,972 "," 6,890 "
,E12000004,East Midlands,E06000017,Rutland," 3,820 "," 2,722 "," 2,061 "," 2,830 "
,E12000004,East Midlands,E07000039,South Derbyshire," 17,067 "," 5,418 "," 3,896 "," 4,589 "
,E12000004,East Midlands,E07000140,South Holland," 11,608 "," 5,901 "," 4,365 "," 6,085 "
,E12000004,East Midlands,E07000141,South Kesteven," 19,078 "," 8,718 "," 6,625 "," 8,346 "
,E12000004,East Midlands,E07000155,South Northamptonshire," 10,317 "," 5,494 "," 3,930 "," 4,677 "
,E12000004,East Midlands,E07000156,Wellingborough," 9,877 "," 4,164 "," 3,014 "," 3,578 "
,E12000004,East Midlands,E07000142,West Lindsey," 14,527 "," 6,397 "," 4,893 "," 5,761 "
,E12000006,East of England,E07000200,Babergh," 15,242 "," 6,496 "," 4,983 "," 6,416 "
,E12000006,East of England,E07000066,Basildon," 20,330 "," 8,283 "," 5,905 "," 8,244 "
,E12000006,East of England,E06000055,Bedford," 24,603 "," 7,849 "," 5,575 "," 8,056 "
,E12000006,East of England,E07000067,Braintree," 18,316 "," 8,304 "," 6,016 "," 7,500 "
,E12000006,East of England,E07000143,Breckland," 21,829 "," 9,167 "," 6,998 "," 9,250 "
,E12000006,East of England,E07000068,Brentwood," 7,787 "," 3,749 "," 2,865 "," 4,706 "
,E12000006,East of England,E07000144,Broadland," 19,177 "," 8,844 "," 6,719 "," 9,552 "
,E12000006,East of England,E07000095,Broxbourne," 9,438 "," 4,264 "," 3,268 "," 4,909 "
,E12000006,East of England,E07000008,Cambridge," 16,526 "," 3,815 "," 2,920 "," 4,464 "
,E12000006,East of England,E07000069,Castle Point," 11,199 "," 6,027 "," 4,594 "," 5,760 "
,E12000006,East of England,E06000056,Central Bedfordshire," 33,866 "," 13,959 "," 10,225 "," 12,799 "
,E12000006,East of England,E07000070,Chelmsford," 20,501 "," 9,172 "," 6,804 "," 9,478 "
,E12000006,East of England,E07000071,Colchester," 29,368 "," 9,115 "," 6,659 "," 8,732 "
,E12000006,East of England,E07000096,Dacorum," 19,509 "," 6,643 "," 4,831 "," 7,251 "
,E12000006,East of England,E07000009,East Cambridgeshire," 11,688 "," 4,810 "," 3,500 "," 4,829 "
,E12000006,East of England,E07000242,East Hertfordshire," 17,615 "," 7,214 "," 5,084 "," 7,427 "
,E12000006,East of England,E07000244,East Suffolk," 44,612 "," 17,766 "," 13,560 "," 18,374 "
,E12000006,East of England,E07000072,Epping Forest," 15,904 "," 6,555 "," 4,948 "," 7,109 "
,E12000006,East of England,E07000010,Fenland," 13,116 "," 5,898 "," 4,532 "," 5,912 "
,E12000006,East of England,E07000145,Great Yarmouth," 15,189 "," 6,208 "," 4,792 "," 5,967 "
,E12000006,East of England,E07000073,Harlow," 12,267 "," 3,162 "," 2,294 "," 3,529 "
,E12000006,East of England,E07000098,Hertsmere," 16,865 "," 4,689 "," 3,539 "," 5,480 "
,E12000006,East of England,E07000011,Huntingdonshire," 21,743 "," 9,766 "," 7,250 "," 8,865 "
,E12000006,East of England,E07000202,Ipswich," 23,530 "," 5,538 "," 3,980 "," 6,186 "
,E12000006,East of England,E07000146,King's Lynn and West Norfolk," 24,105 "," 10,134 "," 7,917 "," 10,708 "
,E12000006,East of England,E06000032,Luton," 22,378 "," 5,676 "," 4,393 "," 6,754 "
,E12000006,East of England,E07000074,Maldon," 9,869 "," 4,497 "," 3,369 "," 4,140 "
,E12000006,East of England,E07000203,Mid Suffolk," 19,540 "," 6,995 "," 5,070 "," 6,530 "
,E12000006,East of England,E07000099,North Hertfordshire," 16,038 "," 6,445 "," 4,832 "," 7,375 "
,E12000006,East of England,E07000147,North Norfolk," 15,092 "," 9,001 "," 6,797 "," 9,484 "
,E12000006,East of England,E07000148,Norwich," 21,760 "," 5,348 "," 3,941 "," 5,806 "
,E12000006,East of England,E06000031,Peterborough," 22,621 "," 7,516 "," 5,401 "," 7,792 "
,E12000006,East of England,E07000075,Rochford," 12,121 "," 5,299 "," 4,016 "," 5,449 "
,E12000006,East of England,E07000012,South Cambridgeshire," 22,977 "," 8,194 "," 6,233 "," 8,533 "
,E12000006,East of England,E07000149,South Norfolk," 21,298 "," 9,022 "," 6,903 "," 9,239 "
,E12000006,East of England,E06000033,Southend-on-Sea," 24,174 "," 8,608 "," 6,452 "," 9,293 "
,E12000006,East of England,E07000240,St Albans," 16,820 "," 6,262 "," 4,732 "," 7,405 "
,E12000006,East of England,E07000243,Stevenage," 11,272 "," 3,237 "," 2,417 "," 3,700 "
,E12000006,East of England,E07000076,Tendring," 25,692 "," 11,334 "," 8,819 "," 11,617 "
,E12000006,East of England,E07000102,Three Rivers," 13,996 "," 4,252 "," 3,151 "," 4,751 "
,E12000006,East of England,E06000034,Thurrock," 17,810 "," 6,348 "," 4,164 "," 5,613 "
,E12000006,East of England,E07000077,Uttlesford," 9,261 "," 4,793 "," 3,578 "," 4,837 "
,E12000006,East of England,E07000103,Watford," 13,201 "," 3,013 "," 2,288 "," 3,451 "
,E12000006,East of England,E07000241,Welwyn Hatfield," 12,402 "," 4,374 "," 3,361 "," 5,514 "
,E12000006,East of England,E07000245,West Suffolk," 27,087 "," 9,645 "," 7,430 "," 10,039 "
,E12000007,London,E09000002,Barking and Dagenham," 23,286 "," 4,059 "," 2,805 "," 4,478 "
,E12000007,London,E09000003,Barnet," 58,281 "," 12,806 "," 9,464 "," 14,383 "
,E12000007,London,E09000004,Bexley," 33,956 "," 9,800 "," 7,332 "," 11,422 "
,E12000007,London,E09000005,Brent," 47,185 "," 7,961 "," 5,888 "," 8,798 "
,E12000007,London,E09000006,Bromley," 51,223 "," 14,478 "," 10,654 "," 16,405 "
,E12000007,London,E09000007,Camden," 26,291 "," 5,761 "," 4,357 "," 5,691 "
,E12000007,London,E09000001,City of London, 846 , 295 , 194 , 241 
,E12000007,London,E09000008,Croydon," 44,715 "," 11,998 "," 8,527 "," 12,493 "
,E12000007,London,E09000009,Ealing," 48,261 "," 10,005 "," 7,093 "," 10,341 "
,E12000007,London,E09000010,Enfield," 55,101 "," 9,770 "," 7,214 "," 11,250 "
,E12000007,London,E09000011,Greenwich," 35,315 "," 7,104 "," 5,009 "," 6,576 "
,E12000007,London,E09000012,Hackney," 23,108 "," 4,411 "," 2,864 "," 3,808 "
,E12000007,London,E09000013,Hammersmith and Fulham," 20,286 "," 4,235 "," 3,001 "," 4,114 "
,E12000007,London,E09000014,Haringey," 30,234 "," 6,043 "," 4,121 "," 5,602 "
,E12000007,London,E09000015,Harrow," 46,795 "," 8,975 "," 6,764 "," 10,575 "
,E12000007,London,E09000016,Havering," 30,587 "," 11,253 "," 8,226 "," 12,589 "
,E12000007,London,E09000017,Hillingdon," 45,529 "," 9,540 "," 6,949 "," 10,966 "
,E12000007,London,E09000018,Hounslow," 40,529 "," 7,907 "," 5,432 "," 7,584 "
,E12000007,London,E09000019,Islington," 22,461 "," 4,731 "," 3,186 "," 4,176 "
,E12000007,London,E09000020,Kensington and Chelsea," 15,763 "," 4,417 "," 3,443 "," 4,590 "
,E12000007,London,E09000021,Kingston upon Thames," 22,236 "," 6,134 "," 4,306 "," 6,121 "
,E12000007,London,E09000022,Lambeth," 37,111 "," 5,700 "," 3,821 "," 5,574 "
,E12000007,London,E09000023,Lewisham," 32,251 "," 5,938 "," 4,319 "," 6,343 "
,E12000007,London,E09000024,Merton," 32,517 "," 6,240 "," 4,260 "," 6,657 "
,E12000007,London,E09000025,Newham," 30,478 "," 5,172 "," 3,319 "," 4,697 "
,E12000007,London,E09000026,Redbridge," 34,081 "," 8,563 "," 6,041 "," 9,432 "
,E12000007,London,E09000027,Richmond upon Thames," 23,093 "," 7,986 "," 5,716 "," 7,758 "
,E12000007,London,E09000028,Southwark," 33,512 "," 5,530 "," 3,606 "," 5,099 "
,E12000007,London,E09000029,Sutton," 28,463 "," 7,740 "," 5,552 "," 8,364 "
,E12000007,London,E09000030,Tower Hamlets," 24,814 "," 3,679 "," 2,397 "," 3,766 "
,E12000007,London,E09000031,Waltham Forest," 29,911 "," 6,109 "," 4,380 "," 6,282 "
,E12000007,London,E09000032,Wandsworth," 39,814 "," 7,332 "," 5,022 "," 7,213 "
,E12000007,London,E09000033,Westminster," 23,638 "," 5,026 "," 3,951 "," 5,368 "
,E12000001,North East,E06000047,County Durham," 77,783 "," 29,328 "," 21,175 "," 27,388 "
,E12000001,North East,E06000005,Darlington," 13,789 "," 5,642 "," 4,046 "," 5,837 "
,E12000001,North East,E08000037,Gateshead," 26,498 "," 10,267 "," 7,151 "," 10,710 "
,E12000001,North East,E06000001,Hartlepool," 12,337 "," 4,630 "," 3,140 "," 4,570 "
,E12000001,North East,E06000002,Middlesbrough," 21,609 "," 5,870 "," 4,079 "," 5,834 "
,E12000001,North East,E08000021,Newcastle upon Tyne," 38,901 "," 11,044 "," 7,464 "," 11,564 "
,E12000001,North East,E08000022,North Tyneside," 30,322 "," 11,120 "," 7,600 "," 10,919 "
,E12000001,North East,E06000057,Northumberland," 45,904 "," 21,826 "," 15,392 "," 19,709 "
,E12000001,North East,E06000003,Redcar and Cleveland," 18,155 "," 8,148 "," 6,091 "," 7,986 "
,E12000001,North East,E08000023,South Tyneside," 26,089 "," 7,983 "," 5,365 "," 7,834 "
,E12000001,North East,E06000004,Stockton-on-Tees," 28,548 "," 9,750 "," 6,660 "," 8,983 "
,E12000001,North East,E08000024,Sunderland," 40,950 "," 14,806 "," 10,003 "," 14,125 "
,E12000002,North West,E07000026,Allerdale," 12,164 "," 6,453 "," 4,461 "," 6,212 "
,E12000002,North West,E07000027,Barrow-in-Furness," 10,749 "," 3,906 "," 2,905 "," 3,595 "
,E12000002,North West,E06000008,Blackburn with Darwen," 19,037 "," 5,665 "," 3,822 "," 5,136 "
,E12000002,North West,E06000009,Blackpool," 25,768 "," 7,316 "," 5,523 "," 7,474 "
,E12000002,North West,E08000001,Bolton," 42,679 "," 13,192 "," 9,561 "," 11,939 "
,E12000002,North West,E07000117,Burnley," 11,007 "," 4,357 "," 3,092 "," 3,759 "
,E12000002,North West,E08000002,Bury," 34,308 "," 9,399 "," 6,687 "," 8,616 "
,E12000002,North West,E07000028,Carlisle," 13,901 "," 5,971 "," 4,295 "," 6,130 "
,E12000002,North West,E06000049,Cheshire East," 54,710 "," 23,226 "," 17,485 "," 23,742 "
,E12000002,North West,E06000050,Cheshire West and Chester," 45,923 "," 19,537 "," 14,465 "," 19,660 "
,E12000002,North West,E07000118,Chorley," 17,271 "," 6,543 "," 4,743 "," 5,559 "
,E12000002,North West,E07000029,Copeland," 8,776 "," 4,104 "," 2,935 "," 3,777 "
,E12000002,North West,E07000030,Eden," 5,068 "," 3,740 "," 2,710 "," 3,689 "
,E12000002,North West,E07000119,Fylde," 12,683 "," 5,740 "," 4,515 "," 6,252 "
,E12000002,North West,E06000006,Halton," 19,876 "," 6,674 "," 4,115 "," 5,079 "
,E12000002,North West,E07000120,Hyndburn," 9,607 "," 3,925 "," 2,852 "," 3,462 "
,E12000002,North West,E08000011,Knowsley," 26,359 "," 6,440 "," 4,173 "," 6,257 "
,E12000002,North West,E07000121,Lancaster," 23,667 "," 7,633 "," 5,590 "," 7,693 "
,E12000002,North West,E08000012,Liverpool," 77,810 "," 18,420 "," 12,293 "," 17,478 "
,E12000002,North West,E08000003,Manchester," 68,983 "," 12,301 "," 8,302 "," 11,290 "
,E12000002,North West,E08000004,Oldham," 30,609 "," 9,770 "," 7,121 "," 8,924 "
,E12000002,North West,E07000122,Pendle," 9,309 "," 4,475 "," 3,057 "," 3,947 "
,E12000002,North West,E07000123,Preston," 20,250 "," 5,295 "," 3,818 "," 5,627 "
,E12000002,North West,E07000124,Ribble Valley," 9,021 "," 3,886 "," 2,962 "," 3,901 "
,E12000002,North West,E08000005,Rochdale," 35,532 "," 9,500 "," 6,474 "," 8,040 "
,E12000002,North West,E07000125,Rossendale," 8,987 "," 3,710 "," 2,490 "," 2,999 "
,E12000002,North West,E08000006,Salford," 36,897 "," 9,194 "," 6,438 "," 8,882 "
,E12000002,North West,E08000014,Sefton," 45,954 "," 15,212 "," 11,658 "," 17,821 "
,E12000002,North West,E07000031,South Lakeland," 15,638 "," 7,632 "," 5,751 "," 7,932 "
,E12000002,North West,E07000126,South Ribble," 15,240 "," 6,454 "," 4,598 "," 5,999 "
,E12000002,North West,E08000013,St. Helens," 30,105 "," 9,930 "," 7,226 "," 9,080 "
,E12000002,North West,E08000007,Stockport," 46,656 "," 14,934 "," 11,134 "," 16,357 "
,E12000002,North West,E08000008,Tameside," 35,227 "," 10,686 "," 7,351 "," 8,756 "
,E12000002,North West,E08000009,Trafford," 36,226 "," 10,165 "," 7,616 "," 11,435 "
,E12000002,North West,E06000007,Warrington," 31,604 "," 10,241 "," 7,889 "," 10,201 "
,E12000002,North West,E07000127,West Lancashire," 18,866 "," 6,730 "," 5,092 "," 6,508 "
,E12000002,North West,E08000010,Wigan," 44,548 "," 17,266 "," 12,920 "," 14,183 "
,E12000002,North West,E08000015,Wirral," 58,193 "," 18,093 "," 12,869 "," 18,434 "
,E12000002,North West,E07000128,Wyre," 22,205 "," 7,997 "," 6,091 "," 8,358 "
,E12000008,South East,E07000223,Adur," 9,236 "," 3,849 "," 2,969 "," 4,364 "
,E12000008,South East,E07000224,Arun," 22,961 "," 11,801 "," 9,327 "," 13,427 "
,E12000008,South East,E07000105,Ashford," 17,010 "," 6,876 "," 5,226 "," 6,503 "
,E12000008,South East,E07000084,Basingstoke and Deane," 23,393 "," 8,527 "," 6,093 "," 7,909 "
,E12000008,South East,E06000036,Bracknell Forest," 15,057 "," 4,705 "," 3,385 "," 4,584 "
,E12000008,South East,E06000043,Brighton and Hove," 36,000 "," 9,409 "," 6,696 "," 9,893 "
,E12000008,South East,E06000060,Buckinghamshire," 68,566 "," 25,615 "," 19,697 "," 28,091 "
,E12000008,South East,E07000106,Canterbury," 22,109 "," 8,985 "," 6,687 "," 9,162 "
,E12000008,South East,E07000177,Cherwell," 17,923 "," 7,229 "," 5,216 "," 7,418 "
,E12000008,South East,E07000225,Chichester," 20,659 "," 8,319 "," 6,673 "," 9,604 "
,E12000008,South East,E07000226,Crawley," 14,870 "," 3,912 "," 2,524 "," 4,055 "
,E12000008,South East,E07000107,Dartford," 15,056 "," 3,956 "," 2,820 "," 4,218 "
,E12000008,South East,E07000108,Dover," 19,569 "," 7,082 "," 5,318 "," 6,625 "
,E12000008,South East,E07000085,East Hampshire," 16,025 "," 7,346 "," 5,694 "," 7,927 "
,E12000008,South East,E07000061,Eastbourne," 19,468 "," 6,091 "," 4,607 "," 7,236 "
,E12000008,South East,E07000086,Eastleigh," 17,942 "," 6,722 "," 4,935 "," 7,186 "
,E12000008,South East,E07000207,Elmbridge," 17,360 "," 5,966 "," 4,560 "," 7,269 "
,E12000008,South East,E07000208,Epsom and Ewell," 11,627 "," 3,755 "," 2,774 "," 3,998 "
,E12000008,South East,E07000087,Fareham," 15,528 "," 7,095 "," 5,594 "," 8,059 "
,E12000008,South East,E07000112,Folkestone and Hythe," 18,723 "," 7,292 "," 5,231 "," 6,886 "
,E12000008,South East,E07000088,Gosport," 11,694 "," 4,622 "," 3,352 "," 4,629 "
,E12000008,South East,E07000109,Gravesham," 16,465 "," 4,605 "," 3,445 "," 4,936 "
,E12000008,South East,E07000209,Guildford," 18,164 "," 6,309 "," 4,680 "," 7,078 "
,E12000008,South East,E07000089,Hart," 10,969 "," 5,059 "," 4,004 "," 5,465 "
,E12000008,South East,E07000062,Hastings," 13,501 "," 4,605 "," 3,209 "," 4,170 "
,E12000008,South East,E07000090,Havant," 18,611 "," 7,553 "," 5,885 "," 8,516 "
,E12000008,South East,E07000227,Horsham," 21,822 "," 8,535 "," 6,519 "," 9,279 "
,E12000008,South East,E06000046,Isle of Wight," 26,674 "," 10,602 "," 8,329 "," 10,283 "
,E12000008,South East,E07000063,Lewes," 16,109 "," 6,539 "," 5,026 "," 7,353 "
,E12000008,South East,E07000110,Maidstone," 25,628 "," 8,698 "," 6,415 "," 8,719 "
,E12000008,South East,E06000035,Medway," 32,373 "," 11,907 "," 8,453 "," 10,546 "
,E12000008,South East,E07000228,Mid Sussex," 19,867 "," 7,830 "," 6,203 "," 8,764 "
,E12000008,South East,E06000042,Milton Keynes," 29,338 "," 10,546 "," 6,887 "," 8,554 "
,E12000008,South East,E07000210,Mole Valley," 13,029 "," 4,923 "," 4,026 "," 6,074 "
,E12000008,South East,E07000091,New Forest," 25,044 "," 12,998 "," 10,101 "," 15,193 "
,E12000008,South East,E07000178,Oxford," 19,511 "," 4,480 "," 3,379 "," 5,065 "
,E12000008,South East,E06000044,Portsmouth," 29,169 "," 7,622 "," 5,684 "," 8,098 "
,E12000008,South East,E06000038,Reading," 16,653 "," 4,888 "," 3,743 "," 5,581 "
,E12000008,South East,E07000211,Reigate and Banstead," 19,900 "," 6,726 "," 4,895 "," 7,522 "
,E12000008,South East,E07000064,Rother," 14,728 "," 7,845 "," 6,016 "," 8,499 "
,E12000008,South East,E07000212,Runnymede," 12,327 "," 3,615 "," 2,835 "," 4,390 "
,E12000008,South East,E07000092,Rushmoor," 13,005 "," 3,978 "," 2,929 "," 3,723 "
,E12000008,South East,E07000111,Sevenoaks," 15,219 "," 6,512 "," 4,986 "," 7,150 "
,E12000008,South East,E06000039,Slough," 16,293 "," 3,382 "," 2,244 "," 3,565 "
,E12000008,South East,E07000179,South Oxfordshire," 16,870 "," 7,576 "," 6,162 "," 8,514 "
,E12000008,South East,E06000045,Southampton," 33,005 "," 8,382 "," 6,313 "," 8,657 "
,E12000008,South East,E07000213,Spelthorne," 13,130 "," 4,390 "," 3,497 "," 5,357 "
,E12000008,South East,E07000214,Surrey Heath," 12,116 "," 4,386 "," 3,478 "," 5,068 "
,E12000008,South East,E07000113,Swale," 18,745 "," 7,682 "," 5,590 "," 6,625 "
,E12000008,South East,E07000215,Tandridge," 11,839 "," 4,519 "," 3,536 "," 5,141 "
,E12000008,South East,E07000093,Test Valley," 15,381 "," 7,227 "," 5,470 "," 7,372 "
,E12000008,South East,E07000114,Thanet," 19,289 "," 8,575 "," 6,423 "," 8,340 "
,E12000008,South East,E07000115,Tonbridge and Malling," 15,357 "," 6,521 "," 4,978 "," 6,799 "
,E12000008,South East,E07000116,Tunbridge Wells," 15,981 "," 5,585 "," 4,327 "," 6,355 "
,E12000008,South East,E07000180,Vale of White Horse," 15,089 "," 7,012 "," 5,332 "," 7,684 "
,E12000008,South East,E07000216,Waverley," 16,521 "," 6,790 "," 5,514 "," 8,547 "
,E12000008,South East,E07000065,Wealden," 24,319 "," 10,873 "," 8,512 "," 11,331 "
,E12000008,South East,E06000037,West Berkshire," 17,382 "," 8,253 "," 6,139 "," 7,931 "
,E12000008,South East,E07000181,West Oxfordshire," 13,655 "," 6,174 "," 4,867 "," 6,918 "
,E12000008,South East,E07000094,Winchester," 17,636 "," 6,639 "," 5,171 "," 7,654 "
,E12000008,South East,E06000040,Windsor and Maidenhead," 17,216 "," 6,856 "," 5,296 "," 7,910 "
,E12000008,South East,E07000217,Woking," 13,343 "," 4,165 "," 3,108 "," 4,779 "
,E12000008,South East,E06000041,Wokingham," 18,323 "," 7,740 "," 5,941 "," 8,380 "
,E12000008,South East,E07000229,Worthing," 17,416 "," 6,195 "," 4,623 "," 7,324 "
,E12000009,South West,E06000022,Bath and North East Somerset," 24,250 "," 9,448 "," 7,194 "," 10,565 "
,E12000009,South West,E06000058,"Bournemouth, Christchurch and Poole"," 62,596 "," 21,256 "," 16,293 "," 25,211 "
,E12000009,South West,E06000023,"Bristol, City of"," 58,769 "," 15,082 "," 10,889 "," 16,036 "
,E12000009,South West,E07000078,Cheltenham," 18,266 "," 5,576 "," 4,361 "," 6,916 "
,E12000009,South West,E06000052,Cornwall," 83,309 "," 38,259 "," 28,395 "," 35,702 "
,E12000009,South West,E07000079,Cotswold," 9,901 "," 6,017 "," 4,718 "," 6,416 "
,E12000009,South West,E06000059,Dorset," 58,208 "," 28,771 "," 22,231 "," 31,299 "
,E12000009,South West,E07000040,East Devon," 23,422 "," 11,378 "," 9,117 "," 13,266 "
,E12000009,South West,E07000041,Exeter," 17,916 "," 5,401 "," 4,066 "," 6,162 "
,E12000009,South West,E07000080,Forest of Dean," 10,542 "," 5,198 "," 3,899 "," 4,855 "
,E12000009,South West,E07000081,Gloucester," 22,038 "," 5,457 "," 4,300 "," 5,815 "
,E12000009,South West,E06000053,Isles of Scilly, 453 , 140 , 125 , 166 
,E12000009,South West,E07000187,Mendip," 19,037 "," 7,271 "," 5,319 "," 7,244 "
,E12000009,South West,E07000042,Mid Devon," 10,077 "," 5,173 "," 3,916 "," 5,175 "
,E12000009,South West,E07000043,North Devon," 14,487 "," 6,521 "," 5,141 "," 6,764 "
,E12000009,South West,E06000024,North Somerset," 32,127 "," 13,384 "," 10,489 "," 14,475 "
,E12000009,South West,E06000026,Plymouth," 37,030 "," 12,427 "," 9,387 "," 12,698 "
,E12000009,South West,E07000188,Sedgemoor," 17,898 "," 7,868 "," 5,867 "," 7,730 "
,E12000009,South West,E07000246,Somerset West and Taunton," 27,811 "," 10,125 "," 7,908 "," 11,252 "
,E12000009,South West,E06000025,South Gloucestershire," 38,267 "," 13,622 "," 11,104 "," 15,202 "
,E12000009,South West,E07000044,South Hams," 12,894 "," 6,599 "," 4,840 "," 6,294 "
,E12000009,South West,E07000189,South Somerset," 27,751 "," 11,613 "," 8,712 "," 11,532 "
,E12000009,South West,E07000082,Stroud," 16,725 "," 7,466 "," 5,442 "," 7,416 "
,E12000009,South West,E06000030,Swindon," 28,199 "," 9,331 "," 6,721 "," 9,424 "
,E12000009,South West,E07000045,Teignbridge," 21,306 "," 9,454 "," 7,305 "," 9,572 "
,E12000009,South West,E07000083,Tewkesbury," 15,043 "," 5,495 "," 4,272 "," 5,751 "
,E12000009,South West,E06000027,Torbay," 22,289 "," 9,114 "," 7,099 "," 9,845 "
,E12000009,South West,E07000046,Torridge," 9,564 "," 5,146 "," 3,858 "," 4,765 "
,E12000009,South West,E07000047,West Devon," 10,168 "," 4,236 "," 3,250 "," 4,203 "
,E12000009,South West,E06000054,Wiltshire," 65,003 "," 28,733 "," 21,781 "," 29,870 "
,E12000005,West Midlands,E08000025,Birmingham," 134,006 "," 33,714 "," 25,700 "," 37,963 "
,E12000005,West Midlands,E07000234,Bromsgrove," 15,288 "," 5,576 "," 4,496 "," 6,369 "
,E12000005,West Midlands,E07000192,Cannock Chase," 14,316 "," 5,120 "," 3,905 "," 4,701 "
,E12000005,West Midlands,E08000026,Coventry," 45,263 "," 11,894 "," 9,505 "," 13,558 "
,E12000005,West Midlands,E08000027,Dudley," 41,746 "," 16,009 "," 13,208 "," 17,546 "
,E12000005,West Midlands,E07000193,East Staffordshire," 18,563 "," 5,930 "," 4,540 "," 5,873 "
,E12000005,West Midlands,E06000019,"Herefordshire, County of"," 29,396 "," 12,188 "," 9,292 "," 12,787 "
,E12000005,West Midlands,E07000194,Lichfield," 14,193 "," 6,600 "," 5,596 "," 6,367 "
,E12000005,West Midlands,E07000235,Malvern Hills," 14,249 "," 5,743 "," 4,345 "," 6,133 "
,E12000005,West Midlands,E07000195,Newcastle-under-Lyme," 18,537 "," 6,988 "," 5,178 "," 7,123 "
,E12000005,West Midlands,E07000218,North Warwickshire," 9,751 "," 3,821 "," 2,872 "," 3,464 "
,E12000005,West Midlands,E07000219,Nuneaton and Bedworth," 18,915 "," 6,529 "," 4,970 "," 5,952 "
,E12000005,West Midlands,E07000236,Redditch," 11,163 "," 4,465 "," 3,024 "," 3,353 "
,E12000005,West Midlands,E07000220,Rugby," 15,875 "," 5,172 "," 4,334 "," 5,599 "
,E12000005,West Midlands,E08000028,Sandwell," 40,835 "," 11,519 "," 8,968 "," 12,282 "
,E12000005,West Midlands,E06000051,Shropshire," 50,509 "," 20,347 "," 16,118 "," 21,028 "
,E12000005,West Midlands,E08000029,Solihull," 30,453 "," 11,539 "," 9,088 "," 12,727 "
,E12000005,West Midlands,E07000196,South Staffordshire," 17,323 "," 7,066 "," 5,820 "," 7,366 "
,E12000005,West Midlands,E07000197,Stafford," 23,356 "," 8,001 "," 6,462 "," 8,192 "
,E12000005,West Midlands,E07000198,Staffordshire Moorlands," 14,303 "," 6,761 "," 5,116 "," 6,347 "
,E12000005,West Midlands,E06000021,Stoke-on-Trent," 35,800 "," 11,336 "," 8,466 "," 10,976 "
,E12000005,West Midlands,E07000221,Stratford-on-Avon," 21,265 "," 8,660 "," 7,024 "," 9,245 "
,E12000005,West Midlands,E07000199,Tamworth," 10,354 "," 4,036 "," 2,914 "," 3,226 "
,E12000005,West Midlands,E06000020,Telford and Wrekin," 26,236 "," 8,559 "," 6,295 "," 7,499 "
,E12000005,West Midlands,E08000030,Walsall," 37,915 "," 11,777 "," 9,477 "," 13,614 "
,E12000005,West Midlands,E07000222,Warwick," 22,775 "," 6,892 "," 5,489 "," 7,595 "
,E12000005,West Midlands,E08000031,Wolverhampton," 33,485 "," 9,915 "," 7,644 "," 11,733 "
,E12000005,West Midlands,E07000237,Worcester," 18,875 "," 4,611 "," 3,399 "," 4,629 "
,E12000005,West Midlands,E07000238,Wychavon," 21,373 "," 8,673 "," 6,557 "," 8,642 "
,E12000005,West Midlands,E07000239,Wyre Forest," 15,791 "," 6,964 "," 5,497 "," 6,410 "
,E12000003,Yorkshire and The Humber,E08000016,Barnsley," 31,178 "," 12,369 "," 9,204 "," 11,197 "
,E12000003,Yorkshire and The Humber,E08000032,Bradford," 67,529 "," 20,390 "," 13,407 "," 20,568 "
,E12000003,Yorkshire and The Humber,E08000033,Calderdale," 28,996 "," 10,338 "," 7,329 "," 9,255 "
,E12000003,Yorkshire and The Humber,E07000163,Craven," 8,126 "," 3,966 "," 3,073 "," 4,076 "
,E12000003,Yorkshire and The Humber,E08000017,Doncaster," 40,863 "," 15,585 "," 11,199 "," 15,172 "
,E12000003,Yorkshire and The Humber,E06000011,East Riding of Yorkshire," 49,587 "," 24,184 "," 17,385 "," 23,486 "
,E12000003,Yorkshire and The Humber,E07000164,Hambleton," 12,679 "," 6,409 "," 4,817 "," 6,587 "
,E12000003,Yorkshire and The Humber,E07000165,Harrogate," 21,057 "," 9,829 "," 7,216 "," 10,651 "
,E12000003,Yorkshire and The Humber,E06000010,"Kingston upon Hull, City of"," 34,862 "," 10,644 "," 6,770 "," 9,648 "
,E12000003,Yorkshire and The Humber,E08000034,Kirklees," 60,562 "," 20,017 "," 14,241 "," 18,454 "
,E12000003,Yorkshire and The Humber,E08000035,Leeds," 109,492 "," 32,384 "," 22,977 "," 33,591 "
,E12000003,Yorkshire and The Humber,E06000012,North East Lincolnshire," 22,198 "," 8,394 "," 6,017 "," 8,709 "
,E12000003,Yorkshire and The Humber,E06000013,North Lincolnshire," 26,783 "," 9,705 "," 7,066 "," 9,303 "
,E12000003,Yorkshire and The Humber,E07000166,Richmondshire," 4,728 "," 3,044 "," 2,189 "," 2,878 "
,E12000003,Yorkshire and The Humber,E08000018,Rotherham," 38,311 "," 13,529 "," 10,199 "," 12,824 "
,E12000003,Yorkshire and The Humber,E07000167,Ryedale," 8,155 "," 3,928 "," 2,963 "," 4,000 "
,E12000003,Yorkshire and The Humber,E07000168,Scarborough," 17,149 "," 7,851 "," 5,714 "," 7,702 "
,E12000003,Yorkshire and The Humber,E07000169,Selby," 12,600 "," 5,257 "," 3,651 "," 4,398 "
,E12000003,Yorkshire and The Humber,E08000019,Sheffield," 71,610 "," 23,131 "," 18,066 "," 25,502 "
,E12000003,Yorkshire and The Humber,E08000036,Wakefield," 48,973 "," 17,590 "," 12,818 "," 15,980 "
,E12000003,Yorkshire and The Humber,E06000014,York," 29,265 "," 10,041 "," 7,228 "," 10,752 "