,Region Code (Administrative),Region Name (administrative),LTLA Code,LTLA Name,Under 60,60-64,65-69,70-74,75-79,80+
,E12000004,East Midlands,E07000032,Amber Valley," 14,498 "," 6,378 "," 7,082 "," 7,909 "," 5,770 "," 6,824 "
,E12000004,East Midlands,E07000170,Ashfield," 21,153 "," 5,656 "," 6,090 "," 6,333 "," 5,095 "," 5,903 "
,E12000004,East Midlands,E07000171,Bassetlaw," 15,235 "," 5,581 "," 6,198 "," 7,021 "," 5,222 "," 6,443 "
,E12000004,East Midlands,E07000129,Blaby," 12,749 "," 4,758 "," 5,059 "," 5,561 "," 4,153 "," 5,586 "
,E12000004,East Midlands,E07000033,Bolsover," 11,582 "," 3,682 "," 3,949 "," 4,224 "," 3,384 "," 3,815 "
,E12000004,East Midlands,E07000136,Boston," 8,242 "," 3,061 "," 3,465 "," 3,643 "," 2,774 "," 3,832 "
,E12000004,East Midlands,E07000172,Broxtowe," 15,904 "," 5,216 "," 5,613 "," 6,560 "," 4,756 "," 6,338 "
,E12000004,East Midlands,E07000130,Charnwood," 18,843 "," 7,069 "," 8,284 "," 8,989 "," 6,701 "," 8,818 "
,E12000004,East Midlands,E07000034,Chesterfield," 12,858 "," 4,746 "," 5,572 "," 5,769 "," 4,322 "," 5,621 "
,E12000004,East Midlands,E07000150,Corby," 6,281 "," 2,536 "," 2,878 "," 2,687 "," 1,954 "," 2,377 "
,E12000004,East Midlands,E07000151,Daventry," 9,764 "," 4,199 "," 4,655 "," 5,012 "," 3,551 "," 4,247 "
,E12000004,East Midlands,E06000015,Derby," 32,323 "," 10,505 "," 10,309 "," 10,500 "," 7,781 "," 11,714 "
,E12000004,East Midlands,E07000035,Derbyshire Dales," 7,724 "," 3,689 "," 4,651 "," 5,394 "," 4,087 "," 5,156 "
,E12000004,East Midlands,E07000137,East Lindsey," 16,372 "," 7,164 "," 9,715 "," 11,716 "," 8,902 "," 10,408 "
,E12000004,East Midlands,E07000152,East Northamptonshire," 10,574 "," 3,914 "," 4,810 "," 5,483 "," 3,872 "," 4,736 "
,E12000004,East Midlands,E07000036,Erewash," 13,901 "," 5,427 "," 5,696 "," 6,209 "," 4,714 "," 6,091 "
,E12000004,East Midlands,E07000173,Gedling," 18,094 "," 5,176 "," 6,206 "," 6,690 "," 4,782 "," 6,677 "
,E12000004,East Midlands,E07000131,Harborough," 11,385 "," 5,105 "," 5,216 "," 5,633 "," 4,254 "," 5,493 "
,E12000004,East Midlands,E07000037,High Peak," 11,706 "," 3,843 "," 4,863 "," 5,429 "," 3,929 "," 4,650 "
,E12000004,East Midlands,E07000132,Hinckley and Bosworth," 13,921 "," 4,814 "," 6,225 "," 6,975 "," 5,096 "," 6,273 "
,E12000004,East Midlands,E07000153,Kettering," 13,773 "," 3,942 "," 4,348 "," 5,137 "," 3,821 "," 4,627 "
,E12000004,East Midlands,E06000016,Leicester," 43,892 "," 11,841 "," 12,169 "," 10,413 "," 6,811 "," 10,166 "
,E12000004,East Midlands,E07000138,Lincoln," 13,127 "," 3,279 "," 3,829 "," 3,834 "," 2,729 "," 3,980 "
,E12000004,East Midlands,E07000174,Mansfield," 19,077 "," 5,372 "," 5,522 "," 5,432 "," 4,137 "," 5,023 "
,E12000004,East Midlands,E07000133,Melton," 5,595 "," 2,183 "," 3,111 "," 3,343 "," 2,396 "," 3,027 "
,E12000004,East Midlands,E07000175,Newark and Sherwood," 18,486 "," 6,024 "," 6,749 "," 7,411 "," 5,487 "," 6,829 "
,E12000004,East Midlands,E07000038,North East Derbyshire," 12,862 "," 4,711 "," 5,879 "," 6,646 "," 5,347 "," 6,419 "
,E12000004,East Midlands,E07000139,North Kesteven," 15,484 "," 5,316 "," 6,306 "," 7,379 "," 5,702 "," 7,318 "
,E12000004,East Midlands,E07000134,North West Leicestershire," 11,248 "," 4,366 "," 5,321 "," 5,845 "," 4,225 "," 4,838 "
,E12000004,East Midlands,E07000154,Northampton," 26,922 "," 8,119 "," 8,783 "," 9,284 "," 6,452 "," 8,718 "
,E12000004,East Midlands,E06000018,Nottingham," 40,137 "," 8,375 "," 9,559 "," 9,058 "," 6,436 "," 9,661 "
,E12000004,East Midlands,E07000135,Oadby and Wigston," 7,482 "," 2,631 "," 2,742 "," 2,940 "," 2,315 "," 3,805 "
,E12000004,East Midlands,E07000176,Rushcliffe," 16,089 "," 5,682 "," 6,126 "," 6,662 "," 5,005 "," 6,952 "
,E12000004,East Midlands,E06000017,Rutland," 3,936 "," 1,813 "," 2,333 "," 2,765 "," 2,080 "," 2,853 "
,E12000004,East Midlands,E07000039,South Derbyshire," 14,385 "," 4,805 "," 5,113 "," 5,467 "," 3,919 "," 4,602 "
,E12000004,East Midlands,E07000140,South Holland," 8,678 "," 3,704 "," 5,216 "," 6,004 "," 4,450 "," 6,118 "
,E12000004,East Midlands,E07000141,South Kesteven," 15,363 "," 5,805 "," 7,996 "," 8,832 "," 6,680 "," 8,375 "
,E12000004,East Midlands,E07000155,South Northamptonshire," 9,660 "," 4,174 "," 4,698 "," 5,555 "," 3,956 "," 4,681 "
,E12000004,East Midlands,E07000156,Wellingborough," 7,911 "," 3,072 "," 3,758 "," 4,210 "," 3,048 "," 3,613 "
,E12000004,East Midlands,E07000142,West Lindsey," 12,300 "," 4,570 "," 5,893 "," 6,502 "," 4,937 "," 5,795 "
,E12000006,East of England,E07000200,Babergh," 12,657 "," 5,225 "," 5,598 "," 6,544 "," 5,003 "," 6,449 "
,E12000006,East of England,E07000066,Basildon," 19,531 "," 6,435 "," 7,566 "," 8,429 "," 5,960 "," 8,286 "
,E12000006,East of England,E06000055,Bedford," 21,262 "," 6,059 "," 7,620 "," 7,977 "," 5,632 "," 8,094 "
,E12000006,East of England,E07000067,Braintree," 15,505 "," 4,877 "," 7,527 "," 8,481 "," 6,092 "," 7,611 "
,E12000006,East of England,E07000143,Breckland," 16,606 "," 5,851 "," 7,871 "," 9,348 "," 7,051 "," 9,251 "
,E12000006,East of England,E07000068,Brentwood," 6,910 "," 2,505 "," 3,212 "," 3,819 "," 2,875 "," 4,709 "
,E12000006,East of England,E07000144,Broadland," 17,324 "," 5,539 "," 7,488 "," 8,973 "," 6,767 "," 9,595 "
,E12000006,East of England,E07000095,Broxbourne," 9,415 "," 3,070 "," 3,864 "," 4,322 "," 3,290 "," 4,949 "
,E12000006,East of England,E07000008,Cambridge," 18,426 "," 4,036 "," 4,035 "," 3,889 "," 2,975 "," 4,541 "
,E12000006,East of England,E07000069,Castle Point," 8,639 "," 3,019 "," 4,675 "," 6,160 "," 4,696 "," 5,882 "
,E12000006,East of England,E06000056,Central Bedfordshire," 30,381 "," 10,762 "," 13,213 "," 14,159 "," 10,301 "," 12,856 "
,E12000006,East of England,E07000070,Chelmsford," 19,167 "," 5,539 "," 7,913 "," 9,303 "," 6,854 "," 9,529 "
,E12000006,East of England,E07000071,Colchester," 23,973 "," 5,978 "," 7,930 "," 9,239 "," 6,717 "," 8,768 "
,E12000006,East of England,E07000096,Dacorum," 16,044 "," 5,630 "," 6,842 "," 6,697 "," 4,862 "," 7,271 "
,E12000006,East of England,E07000009,East Cambridgeshire," 11,735 "," 3,755 "," 4,520 "," 4,873 "," 3,537 "," 4,875 "
,E12000006,East of England,E07000242,East Hertfordshire," 15,215 "," 5,397 "," 6,751 "," 7,277 "," 5,100 "," 7,429 "
,E12000006,East of England,E07000244,East Suffolk," 34,407 "," 14,315 "," 15,511 "," 18,086 "," 13,671 "," 18,521 "
,E12000006,East of England,E07000072,Epping Forest," 12,722 "," 4,469 "," 5,983 "," 6,651 "," 5,011 "," 7,158 "
,E12000006,East of England,E07000010,Fenland," 10,922 "," 4,413 "," 5,355 "," 6,079 "," 4,592 "," 6,028 "
,E12000006,East of England,E07000145,Great Yarmouth," 13,172 "," 3,743 "," 5,223 "," 6,326 "," 4,827 "," 5,986 "
,E12000006,East of England,E07000073,Harlow," 10,436 "," 2,692 "," 3,572 "," 3,229 "," 2,317 "," 3,583 "
,E12000006,East of England,E07000098,Hertsmere," 15,346 "," 4,536 "," 4,471 "," 4,733 "," 3,571 "," 5,499 "
,E12000006,East of England,E07000011,Huntingdonshire," 20,370 "," 8,208 "," 8,713 "," 9,960 "," 7,381 "," 9,045 "
,E12000006,East of England,E07000202,Ipswich," 22,577 "," 6,332 "," 5,768 "," 5,616 "," 4,021 "," 6,218 "
,E12000006,East of England,E07000146,King's Lynn and West Norfolk," 19,296 "," 7,148 "," 8,957 "," 10,324 "," 8,002 "," 10,720 "
,E12000006,East of England,E06000032,Luton," 23,017 "," 5,407 "," 6,431 "," 5,842 "," 4,487 "," 6,867 "
,E12000006,East of England,E07000074,Maldon," 6,702 "," 3,003 "," 3,993 "," 4,518 "," 3,378 "," 4,145 "
,E12000006,East of England,E07000203,Mid Suffolk," 15,726 "," 6,241 "," 6,413 "," 7,057 "," 5,124 "," 6,591 "
,E12000006,East of England,E07000099,North Hertfordshire," 14,921 "," 4,932 "," 6,005 "," 6,519 "," 4,863 "," 7,406 "
,E12000006,East of England,E07000147,North Norfolk," 11,486 "," 5,308 "," 7,520 "," 9,129 "," 6,825 "," 9,479 "
,E12000006,East of England,E07000148,Norwich," 21,038 "," 3,974 "," 5,264 "," 5,424 "," 3,970 "," 5,840 "
,E12000006,East of England,E06000031,Peterborough," 22,666 "," 6,731 "," 7,372 "," 7,650 "," 5,463 "," 7,896 "
,E12000006,East of England,E07000075,Rochford," 10,194 "," 3,244 "," 4,389 "," 5,368 "," 4,044 "," 5,470 "
,E12000006,East of England,E07000012,South Cambridgeshire," 21,892 "," 7,344 "," 7,615 "," 8,288 "," 6,276 "," 8,601 "
,E12000006,East of England,E07000149,South Norfolk," 18,322 "," 5,930 "," 7,508 "," 9,181 "," 6,978 "," 9,324 "
,E12000006,East of England,E06000033,Southend-on-Sea," 21,485 "," 5,888 "," 7,820 "," 8,740 "," 6,523 "," 9,335 "
,E12000006,East of England,E07000240,St Albans," 13,161 "," 5,455 "," 6,096 "," 6,342 "," 4,772 "," 7,440 "
,E12000006,East of England,E07000243,Stevenage," 10,949 "," 3,367 "," 3,374 "," 3,307 "," 2,436 "," 3,731 "
,E12000006,East of England,E07000076,Tendring," 19,446 "," 7,919 "," 9,597 "," 11,554 "," 8,944 "," 11,813 "
,E12000006,East of England,E07000102,Three Rivers," 12,220 "," 3,979 "," 4,108 "," 4,306 "," 3,179 "," 4,762 "
,E12000006,East of England,E06000034,Thurrock," 16,242 "," 4,199 "," 6,033 "," 6,463 "," 4,203 "," 5,634 "
,E12000006,East of England,E07000077,Uttlesford," 8,658 "," 3,261 "," 4,223 "," 4,845 "," 3,612 "," 4,855 "
,E12000006,East of England,E07000103,Watford," 13,059 "," 3,083 "," 3,228 "," 3,050 "," 2,322 "," 3,448 "
,E12000006,East of England,E07000241,Welwyn Hatfield," 12,202 "," 4,115 "," 4,397 "," 4,458 "," 3,389 "," 5,539 "
,E12000006,East of England,E07000245,West Suffolk," 23,463 "," 7,423 "," 8,529 "," 9,777 "," 7,504 "," 10,075 "
,E12000007,London,E09000002,Barking and Dagenham," 25,611 "," 4,734 "," 4,799 "," 4,177 "," 2,891 "," 4,535 "
,E12000007,London,E09000003,Barnet," 58,935 "," 15,388 "," 13,482 "," 13,041 "," 9,604 "," 14,494 "
,E12000007,London,E09000004,Bexley," 30,337 "," 9,899 "," 9,766 "," 9,979 "," 7,435 "," 11,461 "
,E12000007,London,E09000005,Brent," 45,067 "," 11,598 "," 10,053 "," 8,244 "," 6,025 "," 8,943 "
,E12000007,London,E09000006,Bromley," 43,941 "," 13,502 "," 13,288 "," 14,670 "," 10,767 "," 16,499 "
,E12000007,London,E09000007,Camden," 27,522 "," 7,019 "," 6,140 "," 5,916 "," 4,444 "," 5,782 "
,E12000007,London,E09000001,City of London, 734 , 235 , 312 , 300 , 197 , 245 
,E12000007,London,E09000008,Croydon," 44,376 "," 12,148 "," 12,797 "," 12,354 "," 8,703 "," 12,739 "
,E12000007,London,E09000009,Ealing," 42,522 "," 12,939 "," 11,577 "," 10,221 "," 7,246 "," 10,492 "
,E12000007,London,E09000010,Enfield," 51,410 "," 13,456 "," 11,055 "," 9,976 "," 7,346 "," 11,415 "
,E12000007,London,E09000011,Greenwich," 37,179 "," 8,081 "," 7,952 "," 7,294 "," 5,126 "," 6,605 "
,E12000007,London,E09000012,Hackney," 27,329 "," 5,523 "," 5,691 "," 4,579 "," 2,956 "," 3,906 "
,E12000007,London,E09000013,Hammersmith and Fulham," 20,744 "," 4,780 "," 4,540 "," 4,363 "," 3,083 "," 4,186 "
,E12000007,London,E09000014,Haringey," 31,568 "," 7,729 "," 7,225 "," 6,231 "," 4,218 "," 5,768 "
,E12000007,London,E09000015,Harrow," 43,267 "," 11,134 "," 10,370 "," 9,119 "," 6,871 "," 10,616 "
,E12000007,London,E09000016,Havering," 29,494 "," 8,554 "," 10,138 "," 11,429 "," 8,310 "," 12,689 "
,E12000007,London,E09000017,Hillingdon," 45,567 "," 11,364 "," 10,647 "," 9,745 "," 7,056 "," 11,054 "
,E12000007,London,E09000018,Hounslow," 38,014 "," 9,803 "," 9,253 "," 8,147 "," 5,601 "," 7,668 "
,E12000007,London,E09000019,Islington," 21,853 "," 5,235 "," 5,333 "," 4,837 "," 3,268 "," 4,274 "
,E12000007,London,E09000020,Kensington and Chelsea," 14,314 "," 5,031 "," 4,637 "," 4,532 "," 3,500 "," 4,638 "
,E12000007,London,E09000021,Kingston upon Thames," 21,597 "," 6,035 "," 6,202 "," 6,227 "," 4,347 "," 6,129 "
,E12000007,London,E09000022,Lambeth," 41,348 "," 8,563 "," 7,230 "," 5,927 "," 3,943 "," 5,775 "
,E12000007,London,E09000023,Lewisham," 34,943 "," 8,481 "," 7,209 "," 6,099 "," 4,394 "," 6,474 "
,E12000007,London,E09000024,Merton," 28,791 "," 7,100 "," 6,982 "," 6,386 "," 4,347 "," 6,772 "
,E12000007,London,E09000025,Newham," 38,109 "," 6,831 "," 7,111 "," 5,389 "," 3,430 "," 4,823 "
,E12000007,London,E09000026,Redbridge," 38,846 "," 9,101 "," 9,746 "," 8,816 "," 6,159 "," 9,554 "
,E12000007,London,E09000027,Richmond upon Thames," 20,787 "," 7,323 "," 7,661 "," 8,204 "," 5,873 "," 7,801 "
,E12000007,London,E09000028,Southwark," 34,385 "," 7,389 "," 6,845 "," 5,764 "," 3,746 "," 5,338 "
,E12000007,London,E09000029,Sutton," 27,207 "," 7,131 "," 7,714 "," 7,868 "," 5,613 "," 8,402 "
,E12000007,London,E09000030,Tower Hamlets," 29,518 "," 5,212 "," 4,746 "," 3,784 "," 2,458 "," 3,836 "
,E12000007,London,E09000031,Waltham Forest," 32,576 "," 7,801 "," 7,158 "," 6,291 "," 4,463 "," 6,362 "
,E12000007,London,E09000032,Wandsworth," 40,660 "," 9,018 "," 7,804 "," 7,534 "," 5,117 "," 7,325 "
,E12000007,London,E09000033,Westminster," 23,767 "," 6,689 "," 5,670 "," 5,247 "," 4,059 "," 5,481 "
,E12000001,North East,E06000047,County Durham," 72,412 "," 20,028 "," 27,300 "," 29,782 "," 21,285 "," 27,335 "
,E12000001,North East,E06000005,Darlington," 10,191 "," 3,409 "," 5,315 "," 5,702 "," 4,059 "," 5,813 "
,E12000001,North East,E08000037,Gateshead," 24,507 "," 6,403 "," 9,077 "," 10,376 "," 7,195 "," 10,735 "
,E12000001,North East,E06000001,Hartlepool," 12,495 "," 3,365 "," 4,102 "," 4,856 "," 3,173 "," 4,561 "
,E12000001,North East,E06000002,Middlesbrough," 19,258 "," 4,588 "," 6,096 "," 6,043 "," 4,137 "," 5,904 "
,E12000001,North East,E08000021,Newcastle upon Tyne," 33,492 "," 7,466 "," 11,241 "," 11,216 "," 7,514 "," 11,563 "
,E12000001,North East,E08000022,North Tyneside," 23,806 "," 6,093 "," 10,979 "," 11,314 "," 7,643 "," 10,894 "
,E12000001,North East,E06000057,Northumberland," 34,831 "," 10,844 "," 19,088 "," 22,187 "," 15,489 "," 19,666 "
,E12000001,North East,E06000003,Redcar and Cleveland," 16,812 "," 4,349 "," 5,664 "," 8,331 "," 6,151 "," 8,027 "
,E12000001,North East,E08000023,South Tyneside," 20,598 "," 6,391 "," 8,170 "," 8,062 "," 5,396 "," 7,867 "
,E12000001,North East,E06000004,Stockton-on-Tees," 24,182 "," 6,633 "," 9,653 "," 9,883 "," 6,693 "," 8,946 "
,E12000001,North East,E08000024,Sunderland," 34,444 "," 10,200 "," 15,042 "," 14,991 "," 10,042 "," 14,134 "
,E12000002,North West,E07000026,Allerdale," 11,172 "," 3,268 "," 5,503 "," 6,558 "," 4,490 "," 6,170 "
,E12000002,North West,E07000027,Barrow-in-Furness," 8,558 "," 2,484 "," 3,635 "," 3,942 "," 2,907 "," 3,593 "
,E12000002,North West,E06000008,Blackburn with Darwen," 16,970 "," 5,688 "," 5,775 "," 5,752 "," 3,853 "," 5,150 "
,E12000002,North West,E06000009,Blackpool," 23,874 "," 7,248 "," 6,932 "," 7,416 "," 5,563 "," 7,492 "
,E12000002,North West,E08000001,Bolton," 41,309 "," 11,675 "," 12,510 "," 13,422 "," 9,677 "," 12,083 "
,E12000002,North West,E07000117,Burnley," 9,121 "," 3,159 "," 3,969 "," 4,455 "," 3,125 "," 3,772 "
,E12000002,North West,E08000002,Bury," 28,979 "," 8,899 "," 8,653 "," 9,512 "," 6,754 "," 8,704 "
,E12000002,North West,E07000028,Carlisle," 11,703 "," 3,228 "," 5,863 "," 6,231 "," 4,344 "," 6,180 "
,E12000002,North West,E06000049,Cheshire East," 51,388 "," 18,276 "," 20,637 "," 23,493 "," 17,589 "," 23,767 "
,E12000002,North West,E06000050,Cheshire West and Chester," 43,474 "," 14,541 "," 17,581 "," 19,787 "," 14,544 "," 19,669 "
,E12000002,North West,E07000118,Chorley," 14,949 "," 4,992 "," 5,827 "," 6,676 "," 4,773 "," 5,603 "
,E12000002,North West,E07000029,Copeland," 7,254 "," 2,539 "," 3,876 "," 4,200 "," 2,960 "," 3,754 "
,E12000002,North West,E07000030,Eden," 3,777 "," 1,411 "," 3,549 "," 3,821 "," 2,720 "," 3,677 "
,E12000002,North West,E07000119,Fylde," 9,783 "," 4,284 "," 5,091 "," 5,783 "," 4,547 "," 6,241 "
,E12000002,North West,E06000006,Halton," 16,852 "," 5,376 "," 6,577 "," 6,750 "," 4,128 "," 5,091 "
,E12000002,North West,E07000120,Hyndburn," 7,745 "," 3,275 "," 3,595 "," 3,980 "," 2,876 "," 3,486 "
,E12000002,North West,E08000011,Knowsley," 23,850 "," 7,231 "," 7,488 "," 6,549 "," 4,228 "," 6,327 "
,E12000002,North West,E07000121,Lancaster," 20,453 "," 6,606 "," 7,088 "," 7,706 "," 5,605 "," 7,690 "
,E12000002,North West,E08000012,Liverpool," 71,397 "," 18,916 "," 19,805 "," 18,753 "," 12,447 "," 17,616 "
,E12000002,North West,E08000003,Manchester," 72,880 "," 13,538 "," 14,220 "," 12,621 "," 8,461 "," 11,554 "
,E12000002,North West,E08000004,Oldham," 30,764 "," 7,741 "," 9,458 "," 10,052 "," 7,222 "," 9,021 "
,E12000002,North West,E07000122,Pendle," 6,951 "," 2,918 "," 3,939 "," 4,619 "," 3,112 "," 3,998 "
,E12000002,North West,E07000123,Preston," 18,173 "," 5,098 "," 5,489 "," 5,388 "," 3,852 "," 5,646 "
,E12000002,North West,E07000124,Ribble Valley," 5,766 "," 2,995 "," 3,584 "," 3,924 "," 2,971 "," 3,898 "
,E12000002,North West,E08000005,Rochdale," 31,284 "," 8,618 "," 9,587 "," 9,694 "," 6,573 "," 8,129 "
,E12000002,North West,E07000125,Rossendale," 7,970 "," 2,753 "," 3,274 "," 3,754 "," 2,514 "," 3,003 "
,E12000002,North West,E08000006,Salford," 42,835 "," 10,365 "," 8,586 "," 9,336 "," 6,568 "," 9,004 "
,E12000002,North West,E08000014,Sefton," 39,221 "," 13,122 "," 15,270 "," 15,529 "," 11,780 "," 17,985 "
,E12000002,North West,E07000031,South Lakeland," 12,827 "," 4,973 "," 6,645 "," 7,688 "," 5,773 "," 7,915 "
,E12000002,North West,E07000126,South Ribble," 14,048 "," 5,104 "," 5,773 "," 6,524 "," 4,622 "," 5,995 "
,E12000002,North West,E08000013,St. Helens," 30,635 "," 8,358 "," 9,269 "," 10,056 "," 7,295 "," 9,148 "
,E12000002,North West,E08000007,Stockport," 41,283 "," 11,728 "," 14,253 "," 15,095 "," 11,191 "," 16,356 "
,E12000002,North West,E08000008,Tameside," 30,278 "," 8,277 "," 9,925 "," 10,838 "," 7,425 "," 8,901 "
,E12000002,North West,E08000009,Trafford," 35,916 "," 8,788 "," 10,070 "," 10,307 "," 7,664 "," 11,471 "
,E12000002,North West,E06000007,Warrington," 29,607 "," 8,238 "," 9,868 "," 10,352 "," 7,944 "," 10,234 "
,E12000002,North West,E07000127,West Lancashire," 15,166 "," 5,686 "," 6,136 "," 6,797 "," 5,129 "," 6,532 "
,E12000002,North West,E08000010,Wigan," 43,001 "," 11,619 "," 14,797 "," 17,492 "," 13,018 "," 14,311 "
,E12000002,North West,E08000015,Wirral," 47,124 "," 14,288 "," 17,601 "," 18,277 "," 12,927 "," 18,435 "
,E12000002,North West,E07000128,Wyre," 17,389 "," 6,651 "," 7,021 "," 8,063 "," 6,119 "," 8,359 "
,E12000008,South East,E07000223,Adur," 8,697 "," 2,612 "," 3,199 "," 3,907 "," 2,995 "," 4,380 "
,E12000008,South East,E07000224,Arun," 19,990 "," 7,571 "," 9,390 "," 12,044 "," 9,410 "," 13,451 "
,E12000008,South East,E07000105,Ashford," 14,902 "," 5,009 "," 5,484 "," 6,981 "," 5,264 "," 6,522 "
,E12000008,South East,E07000084,Basingstoke and Deane," 20,851 "," 7,257 "," 8,007 "," 8,627 "," 6,144 "," 7,908 "
,E12000008,South East,E06000036,Bracknell Forest," 12,096 "," 3,679 "," 5,118 "," 4,745 "," 3,399 "," 4,610 "
,E12000008,South East,E06000043,Brighton and Hove," 35,083 "," 9,020 "," 9,784 "," 9,634 "," 6,792 "," 10,051 "
,E12000008,South East,E06000060,Buckinghamshire," 59,556 "," 20,981 "," 24,734 "," 25,979 "," 19,840 "," 28,275 "
,E12000008,South East,E07000106,Canterbury," 17,641 "," 5,864 "," 7,850 "," 9,090 "," 6,721 "," 9,159 "
,E12000008,South East,E07000177,Cherwell," 18,152 "," 5,257 "," 6,666 "," 7,329 "," 5,268 "," 7,439 "
,E12000008,South East,E07000225,Chichester," 15,743 "," 7,686 "," 7,530 "," 8,456 "," 6,775 "," 9,666 "
,E12000008,South East,E07000226,Crawley," 15,199 "," 3,933 "," 4,213 "," 3,983 "," 2,544 "," 4,065 "
,E12000008,South East,E07000107,Dartford," 13,963 "," 4,022 "," 3,859 "," 4,027 "," 2,857 "," 4,265 "
,E12000008,South East,E07000108,Dover," 16,249 "," 5,948 "," 6,789 "," 7,226 "," 5,434 "," 6,867 "
,E12000008,South East,E07000085,East Hampshire," 13,504 "," 6,066 "," 6,882 "," 7,470 "," 5,725 "," 7,911 "
,E12000008,South East,E07000061,Eastbourne," 19,322 "," 5,398 "," 5,234 "," 6,175 "," 4,647 "," 7,299 "
,E12000008,South East,E07000086,Eastleigh," 16,157 "," 5,059 "," 6,443 "," 6,799 "," 4,962 "," 7,172 "
,E12000008,South East,E07000207,Elmbridge," 14,522 "," 5,552 "," 5,782 "," 6,038 "," 4,585 "," 7,309 "
,E12000008,South East,E07000208,Epsom and Ewell," 10,378 "," 3,347 "," 3,372 "," 3,804 "," 2,783 "," 4,027 "
,E12000008,South East,E07000087,Fareham," 13,635 "," 5,676 "," 6,151 "," 7,163 "," 5,623 "," 8,042 "
,E12000008,South East,E07000112,Folkestone and Hythe," 15,685 "," 5,746 "," 6,330 "," 7,389 "," 5,305 "," 6,930 "
,E12000008,South East,E07000088,Gosport," 10,431 "," 3,450 "," 4,270 "," 4,667 "," 3,358 "," 4,623 "
,E12000008,South East,E07000109,Gravesham," 15,234 "," 4,676 "," 4,492 "," 4,671 "," 3,474 "," 4,951 "
,E12000008,South East,E07000209,Guildford," 16,233 "," 4,791 "," 6,091 "," 6,404 "," 4,726 "," 7,108 "
,E12000008,South East,E07000089,Hart," 9,498 "," 3,759 "," 4,456 "," 5,096 "," 4,035 "," 5,466 "
,E12000008,South East,E07000062,Hastings," 11,495 "," 3,776 "," 4,069 "," 4,725 "," 3,267 "," 4,178 "
,E12000008,South East,E07000090,Havant," 15,571 "," 6,638 "," 7,092 "," 7,624 "," 5,900 "," 8,504 "
,E12000008,South East,E07000227,Horsham," 18,748 "," 8,202 "," 7,858 "," 8,630 "," 6,568 "," 9,279 "
,E12000008,South East,E06000046,Isle of Wight," 20,665 "," 8,665 "," 9,437 "," 10,743 "," 8,421 "," 10,325 "
,E12000008,South East,E07000063,Lewes," 12,975 "," 4,954 "," 5,924 "," 6,641 "," 5,073 "," 7,411 "
,E12000008,South East,E07000110,Maidstone," 22,427 "," 7,067 "," 7,872 "," 8,841 "," 6,458 "," 8,747 "
,E12000008,South East,E06000035,Medway," 30,903 "," 9,746 "," 11,181 "," 12,220 "," 8,569 "," 10,682 "
,E12000008,South East,E07000228,Mid Sussex," 18,143 "," 5,719 "," 7,250 "," 7,905 "," 6,223 "," 8,772 "
,E12000008,South East,E06000042,Milton Keynes," 28,868 "," 7,889 "," 10,856 "," 10,683 "," 6,931 "," 8,540 "
,E12000008,South East,E07000210,Mole Valley," 10,273 "," 4,537 "," 4,875 "," 4,966 "," 4,055 "," 6,097 "
,E12000008,South East,E07000091,New Forest," 20,584 "," 7,936 "," 11,041 "," 13,116 "," 10,163 "," 15,199 "
,E12000008,South East,E07000178,Oxford," 19,846 "," 4,164 "," 4,516 "," 4,558 "," 3,383 "," 5,057 "
,E12000008,South East,E06000044,Portsmouth," 26,646 "," 7,950 "," 7,790 "," 7,774 "," 5,720 "," 8,089 "
,E12000008,South East,E06000038,Reading," 16,908 "," 4,060 "," 4,948 "," 4,996 "," 3,789 "," 5,602 "
,E12000008,South East,E07000211,Reigate and Banstead," 18,925 "," 6,334 "," 6,323 "," 6,810 "," 4,940 "," 7,542 "
,E12000008,South East,E07000064,Rother," 11,924 "," 5,421 "," 6,020 "," 7,978 "," 6,081 "," 8,544 "
,E12000008,South East,E07000212,Runnymede," 9,374 "," 3,399 "," 3,528 "," 3,681 "," 2,881 "," 4,459 "
,E12000008,South East,E07000092,Rushmoor," 12,348 "," 2,624 "," 3,781 "," 4,038 "," 2,952 "," 3,712 "
,E12000008,South East,E07000111,Sevenoaks," 11,616 "," 5,107 "," 5,914 "," 6,615 "," 5,037 "," 7,152 "
,E12000008,South East,E06000039,Slough," 15,873 "," 3,336 "," 4,356 "," 3,459 "," 2,262 "," 3,598 "
,E12000008,South East,E07000179,South Oxfordshire," 15,695 "," 5,733 "," 6,931 "," 7,652 "," 6,195 "," 8,541 "
,E12000008,South East,E06000045,Southampton," 30,319 "," 6,601 "," 8,382 "," 8,529 "," 6,374 "," 8,655 "
,E12000008,South East,E07000213,Spelthorne," 9,866 "," 3,724 "," 4,213 "," 4,466 "," 3,536 "," 5,444 "
,E12000008,South East,E07000214,Surrey Heath," 9,834 "," 4,378 "," 4,211 "," 4,445 "," 3,502 "," 5,109 "
,E12000008,South East,E07000113,Swale," 15,653 "," 4,657 "," 6,699 "," 7,953 "," 5,657 "," 6,799 "
,E12000008,South East,E07000215,Tandridge," 10,958 "," 4,072 "," 4,361 "," 4,580 "," 3,567 "," 5,172 "
,E12000008,South East,E07000093,Test Valley," 13,589 "," 5,098 "," 6,183 "," 7,309 "," 5,517 "," 7,334 "
,E12000008,South East,E07000114,Thanet," 17,180 "," 5,787 "," 7,121 "," 8,807 "," 6,501 "," 8,393 "
,E12000008,South East,E07000115,Tonbridge and Malling," 13,066 "," 5,285 "," 5,787 "," 6,609 "," 5,016 "," 6,833 "
,E12000008,South East,E07000116,Tunbridge Wells," 12,438 "," 5,138 "," 5,091 "," 5,683 "," 4,364 "," 6,387 "
,E12000008,South East,E07000180,Vale of White Horse," 13,887 "," 5,156 "," 6,352 "," 7,083 "," 5,341 "," 7,667 "
,E12000008,South East,E07000216,Waverley," 12,908 "," 4,768 "," 6,236 "," 6,873 "," 5,558 "," 8,589 "
,E12000008,South East,E07000065,Wealden," 17,871 "," 7,991 "," 9,372 "," 10,991 "," 8,570 "," 11,365 "
,E12000008,South East,E06000037,West Berkshire," 15,248 "," 6,038 "," 7,310 "," 8,357 "," 6,186 "," 7,964 "
,E12000008,South East,E07000181,West Oxfordshire," 12,705 "," 4,127 "," 5,535 "," 6,244 "," 4,891 "," 6,910 "
,E12000008,South East,E07000094,Winchester," 15,220 "," 5,121 "," 6,105 "," 6,697 "," 5,198 "," 7,664 "
,E12000008,South East,E06000040,Windsor and Maidenhead," 15,863 "," 6,041 "," 6,654 "," 6,924 "," 5,333 "," 7,947 "
,E12000008,South East,E07000217,Woking," 11,610 "," 3,664 "," 4,169 "," 4,267 "," 3,137 "," 4,810 "
,E12000008,South East,E06000041,Wokingham," 16,847 "," 6,200 "," 7,045 "," 7,827 "," 5,975 "," 8,401 "
,E12000008,South East,E07000229,Worthing," 16,775 "," 4,321 "," 4,958 "," 6,289 "," 4,665 "," 7,365 "
,E12000009,South West,E06000022,Bath and North East Somerset," 23,351 "," 8,075 "," 8,921 "," 9,548 "," 7,230 "," 10,633 "
,E12000009,South West,E06000058,"Bournemouth, Christchurch and Poole"," 53,642 "," 16,045 "," 19,255 "," 21,523 "," 16,433 "," 25,224 "
,E12000009,South West,E06000023,"Bristol, City of"," 57,569 "," 14,030 "," 15,531 "," 15,330 "," 10,968 "," 16,079 "
,E12000009,South West,E07000078,Cheltenham," 15,219 "," 5,052 "," 5,358 "," 5,618 "," 4,376 "," 6,914 "
,E12000009,South West,E06000052,Cornwall," 72,372 "," 27,745 "," 34,207 "," 38,718 "," 28,577 "," 35,777 "
,E12000009,South West,E07000079,Cotswold," 8,417 "," 3,329 "," 5,675 "," 6,084 "," 4,737 "," 6,413 "
,E12000009,South West,E06000059,Dorset," 46,760 "," 19,146 "," 25,062 "," 29,246 "," 22,361 "," 31,372 "
,E12000009,South West,E07000040,East Devon," 17,912 "," 5,654 "," 9,730 "," 11,493 "," 9,159 "," 13,280 "
,E12000009,South West,E07000041,Exeter," 17,580 "," 3,657 "," 5,016 "," 5,472 "," 4,096 "," 6,194 "
,E12000009,South West,E07000080,Forest of Dean," 8,847 "," 2,829 "," 4,888 "," 5,283 "," 3,925 "," 4,856 "
,E12000009,South West,E07000081,Gloucester," 18,949 "," 4,896 "," 5,547 "," 5,525 "," 4,320 "," 5,803 "
,E12000009,South West,E06000053,Isles of Scilly, 456 , 117 , 119 , 140 , 125 , 165 
,E12000009,South West,E07000187,Mendip," 16,548 "," 6,717 "," 6,693 "," 7,324 "," 5,339 "," 7,241 "
,E12000009,South West,E07000042,Mid Devon," 10,122 "," 2,936 "," 4,409 "," 5,225 "," 3,918 "," 5,170 "
,E12000009,South West,E07000043,North Devon," 12,852 "," 3,988 "," 5,747 "," 6,695 "," 5,194 "," 6,850 "
,E12000009,South West,E06000024,North Somerset," 27,627 "," 9,241 "," 11,815 "," 13,501 "," 10,555 "," 14,486 "
,E12000009,South West,E06000026,Plymouth," 33,666 "," 9,258 "," 11,684 "," 12,589 "," 9,453 "," 12,800 "
,E12000009,South West,E07000188,Sedgemoor," 15,930 "," 5,020 "," 6,762 "," 7,977 "," 5,900 "," 7,757 "
,E12000009,South West,E07000246,Somerset West and Taunton," 24,247 "," 7,936 "," 9,281 "," 10,228 "," 7,958 "," 11,259 "
,E12000009,South West,E06000025,South Gloucestershire," 35,503 "," 10,777 "," 12,794 "," 13,754 "," 11,158 "," 15,182 "
,E12000009,South West,E07000044,South Hams," 10,044 "," 4,048 "," 5,872 "," 6,671 "," 4,885 "," 6,342 "
,E12000009,South West,E07000189,South Somerset," 23,717 "," 9,089 "," 10,289 "," 11,737 "," 8,758 "," 11,554 "
,E12000009,South West,E07000082,Stroud," 13,248 "," 4,741 "," 7,011 "," 7,522 "," 5,464 "," 7,400 "
,E12000009,South West,E06000030,Swindon," 27,380 "," 7,456 "," 9,836 "," 9,442 "," 6,779 "," 9,465 "
,E12000009,South West,E07000045,Teignbridge," 18,475 "," 5,472 "," 8,759 "," 9,589 "," 7,342 "," 9,629 "
,E12000009,South West,E07000083,Tewkesbury," 11,167 "," 4,244 "," 5,267 "," 5,530 "," 4,282 "," 5,733 "
,E12000009,South West,E06000027,Torbay," 21,610 "," 5,534 "," 8,044 "," 9,372 "," 7,187 "," 9,937 "
,E12000009,South West,E07000046,Torridge," 8,271 "," 3,009 "," 4,445 "," 5,265 "," 3,885 "," 4,748 "
,E12000009,South West,E07000047,West Devon," 7,657 "," 3,032 "," 3,872 "," 4,276 "," 3,250 "," 4,201 "
,E12000009,South West,E06000054,Wiltshire," 61,352 "," 22,937 "," 26,727 "," 29,080 "," 21,923 "," 29,888 "
,E12000005,West Midlands,E08000025,Birmingham," 141,523 "," 37,855 "," 36,567 "," 34,467 "," 26,098 "," 38,525 "
,E12000005,West Midlands,E07000234,Bromsgrove," 13,566 "," 4,730 "," 5,452 "," 5,628 "," 4,521 "," 6,379 "
,E12000005,West Midlands,E07000192,Cannock Chase," 14,315 "," 5,090 "," 5,008 "," 5,179 "," 3,938 "," 4,721 "
,E12000005,West Midlands,E08000026,Coventry," 45,938 "," 11,700 "," 12,363 "," 12,065 "," 9,571 "," 13,636 "
,E12000005,West Midlands,E08000027,Dudley," 38,405 "," 13,514 "," 15,135 "," 16,304 "," 13,383 "," 17,686 "
,E12000005,West Midlands,E07000193,East Staffordshire," 15,570 "," 5,670 "," 5,734 "," 5,992 "," 4,579 "," 5,914 "
,E12000005,West Midlands,E06000019,"Herefordshire, County of"," 23,434 "," 8,632 "," 11,341 "," 12,337 "," 9,323 "," 12,772 "
,E12000005,West Midlands,E07000194,Lichfield," 13,159 "," 5,246 "," 5,756 "," 6,687 "," 5,637 "," 6,377 "
,E12000005,West Midlands,E07000235,Malvern Hills," 10,796 "," 4,417 "," 5,153 "," 5,813 "," 4,374 "," 6,135 "
,E12000005,West Midlands,E07000195,Newcastle-under-Lyme," 18,027 "," 6,040 "," 6,399 "," 7,086 "," 5,215 "," 7,137 "
,E12000005,West Midlands,E07000218,North Warwickshire," 9,556 "," 3,360 "," 3,612 "," 3,856 "," 2,902 "," 3,493 "
,E12000005,West Midlands,E07000219,Nuneaton and Bedworth," 17,632 "," 4,904 "," 6,279 "," 6,639 "," 5,064 "," 6,073 "
,E12000005,West Midlands,E07000236,Redditch," 9,666 "," 3,268 "," 4,428 "," 4,532 "," 3,053 "," 3,383 "
,E12000005,West Midlands,E07000220,Rugby," 12,510 "," 3,946 "," 4,820 "," 5,221 "," 4,359 "," 5,599 "
,E12000005,West Midlands,E08000028,Sandwell," 40,624 "," 12,175 "," 12,243 "," 11,781 "," 9,113 "," 12,454 "
,E12000005,West Midlands,E06000051,Shropshire," 39,418 "," 15,513 "," 18,917 "," 20,558 "," 16,210 "," 21,056 "
,E12000005,West Midlands,E08000029,Solihull," 27,652 "," 10,314 "," 10,288 "," 11,632 "," 9,156 "," 12,778 "
,E12000005,West Midlands,E07000196,South Staffordshire," 14,820 "," 6,341 "," 6,477 "," 7,133 "," 5,858 "," 7,366 "
,E12000005,West Midlands,E07000197,Stafford," 19,781 "," 7,761 "," 7,501 "," 8,078 "," 6,519 "," 8,235 "
,E12000005,West Midlands,E07000198,Staffordshire Moorlands," 13,285 "," 5,345 "," 6,015 "," 6,830 "," 5,143 "," 6,364 "
,E12000005,West Midlands,E06000021,Stoke-on-Trent," 36,049 "," 11,167 "," 11,330 "," 11,458 "," 8,521 "," 11,008 "
,E12000005,West Midlands,E07000221,Stratford-on-Avon," 16,938 "," 7,809 "," 7,922 "," 8,720 "," 7,065 "," 9,241 "
,E12000005,West Midlands,E07000199,Tamworth," 8,971 "," 3,182 "," 4,080 "," 4,100 "," 2,944 "," 3,259 "
,E12000005,West Midlands,E06000020,Telford and Wrekin," 25,970 "," 8,647 "," 8,539 "," 8,712 "," 6,347 "," 7,548 "
,E12000005,West Midlands,E08000030,Walsall," 37,688 "," 11,324 "," 11,758 "," 11,964 "," 9,540 "," 13,741 "
,E12000005,West Midlands,E07000222,Warwick," 21,048 "," 6,491 "," 6,683 "," 6,974 "," 5,542 "," 7,729 "
,E12000005,West Midlands,E08000031,Wolverhampton," 33,233 "," 9,798 "," 10,507 "," 10,176 "," 7,778 "," 11,878 "
,E12000005,West Midlands,E07000237,Worcester," 16,367 "," 4,460 "," 4,699 "," 4,666 "," 3,433 "," 4,684 "
,E12000005,West Midlands,E07000238,Wychavon," 17,317 "," 6,748 "," 8,079 "," 8,738 "," 6,595 "," 8,643 "
,E12000005,West Midlands,E07000239,Wyre Forest," 13,527 "," 4,760 "," 5,957 "," 7,017 "," 5,513 "," 6,425 "
,E12000003,Yorkshire and The Humber,E08000016,Barnsley," 24,911 "," 8,113 "," 11,451 "," 12,558 "," 9,304 "," 11,279 "
,E12000003,Yorkshire and The Humber,E08000032,Bradford," 63,692 "," 19,930 "," 20,953 "," 20,823 "," 13,582 "," 20,774 "
,E12000003,Yorkshire and The Humber,E08000033,Calderdale," 25,890 "," 8,913 "," 9,495 "," 10,564 "," 7,408 "," 9,298 "
,E12000003,Yorkshire and The Humber,E07000163,Craven," 6,013 "," 2,607 "," 3,672 "," 4,042 "," 3,095 "," 4,071 "
,E12000003,Yorkshire and The Humber,E08000017,Doncaster," 33,269 "," 9,309 "," 14,987 "," 15,795 "," 11,267 "," 15,171 "
,E12000003,Yorkshire and The Humber,E06000011,East Riding of Yorkshire," 41,540 "," 15,255 "," 20,061 "," 24,662 "," 17,497 "," 23,508 "
,E12000003,Yorkshire and The Humber,E07000164,Hambleton," 10,778 "," 3,922 "," 5,498 "," 6,522 "," 4,840 "," 6,574 "
,E12000003,Yorkshire and The Humber,E07000165,Harrogate," 20,012 "," 7,563 "," 8,996 "," 9,944 "," 7,246 "," 10,655 "
,E12000003,Yorkshire and The Humber,E06000010,"Kingston upon Hull, City of"," 35,330 "," 8,943 "," 10,588 "," 10,816 "," 6,819 "," 9,721 "
,E12000003,Yorkshire and The Humber,E08000034,Kirklees," 52,539 "," 18,713 "," 19,152 "," 20,319 "," 14,362 "," 18,589 "
,E12000003,Yorkshire and The Humber,E08000035,Leeds," 101,194 "," 29,791 "," 30,479 "," 32,848 "," 23,127 "," 33,611 "
,E12000003,Yorkshire and The Humber,E06000012,North East Lincolnshire," 19,384 "," 6,149 "," 7,945 "," 8,501 "," 6,067 "," 8,789 "
,E12000003,Yorkshire and The Humber,E06000013,North Lincolnshire," 22,420 "," 7,611 "," 9,064 "," 9,865 "," 7,122 "," 9,345 "
,E12000003,Yorkshire and The Humber,E07000166,Richmondshire," 3,457 "," 1,223 "," 2,359 "," 3,127 "," 2,207 "," 2,886 "
,E12000003,Yorkshire and The Humber,E08000018,Rotherham," 32,897 "," 8,017 "," 13,134 "," 13,696 "," 10,261 "," 12,906 "
,E12000003,Yorkshire and The Humber,E07000167,Ryedale," 6,134 "," 2,877 "," 3,702 "," 3,995 "," 2,969 "," 4,001 "
,E12000003,Yorkshire and The Humber,E07000168,Scarborough," 13,017 "," 4,895 "," 6,738 "," 7,970 "," 5,764 "," 7,694 "
,E12000003,Yorkshire and The Humber,E07000169,Selby," 10,428 "," 4,260 "," 4,944 "," 5,311 "," 3,662 "," 4,400 "
,E12000003,Yorkshire and The Humber,E08000019,Sheffield," 71,493 "," 16,856 "," 21,593 "," 23,586 "," 18,240 "," 25,595 "
,E12000003,Yorkshire and The Humber,E08000036,Wakefield," 41,340 "," 13,854 "," 17,125 "," 17,789 "," 12,885 "," 15,957 "
,E12000003,Yorkshire and The Humber,E06000014,York," 23,303 "," 8,017 "," 9,179 "," 10,152 "," 7,282 "," 10,724 "